Name,Email,Age,Phone,URL,IP_Address
Alice Johnson,alice.johnson@email.com,28,+1-555-0123,https://alicejohnson.dev,192.168.1.105
Bob Smith,bob.smith@company.org,34,+1-555-0234,https://www.bobsmith.io,10.0.0.42
Carol Williams,c.williams@techfirm.net,29,+44-20-7946-0958,https://carolwilliams.com,172.16.254.1
David Chen,david.chen@startup.co,31,+86-138-0013-8000,https://davidchen.blog,203.0.113.15
Emma Rodriguez,emma.r@freelance.me,26,+34-91-123-4567,https://emmarodriguez.portfolio,198.51.100.89
Frank Miller,frank.miller,27,555,https://frankmiller.consulting,192.0.2.146
Grace Taylor,grace.taylor@agency.com,35,+61-2-9876-5432,https://gracetaylor.design,203.0.113.78
Henry Zhang,h.zhang@university.edu,23,+86-21-1234-5678,https://henryzhang.research,172.16.0.99
Iris Wilson,iris.wilson@nonprofit.org,38,999,here is not a html
Jack Thompson,jack.t@mobility.app,27,+49-30-12345678,My link
Kate Brown,kate.brown@marketing.pro,33,+1-555-0987,https://katebrown.social,192.168.100.50
Lucas Anderson,lucas@innovate.tech,30,+46-8-123-456-78,https://lucasanderson.tech,203.0.113.201
Maya Patel,maya.patel@healthtech.in,25,+91-98765-43210,https://mayapatel.health,172.16.1.88
Noah Garcia,noah.garcia@finance.global,39,+52-55-1234-5678,https://noahgarcia.finance,10.0.1.150
Olivia Lee,olivia.lee@creative.studio,32,+82-2-123-4567,https://olivialee.art,198.51.100.77
